{
    "hi": "hello",
    "ho": "hola",
    "holla": "hp",
    "hello": "hi",
    "": "skip",
    "nothing": "Then",
    "db": "",
    "hi nothing is here": "Knowlwedge is here",
    " ": " ",
    "  ": "   ",
    "bye": "bye",
    "i": "love you",
    "help me learn to code": "search learn to code on google and learn a programming language i would like to recommend python as your first language",
    "bite": "i will ",
    "if ": "what",
    "is": "it",
    "amd": "and",
    "and": "what",
    "what": "question",
    "retik": "baka",
    "teti": "by",
    "aayan": "baka",
    "baka": "aayan and retik",
    "krishna": "bhattarai",
    "bb": "bb",
    "helllllll": "hell no",
    "how to code": "do code",
    "k": "english alphabet k",
    "ok": "thank yyo",
    "what is my name": "retik",
    "what is my another name": "biraj",
    "jennie kim": "IM IS A BLACK PINK MEMBER",
    "hrllo": "b",
    "hhiiihiigonini": "hello",
    "whaysu your maem": "WHAT YOU  NAME ",
    "name ": "CHATGPPT  VERSION BAKA",
    "how are you": "iam ok and you",
    "0 zero": "sunyo",
    "intafificjcvf vg umeeem!,k!,jw*mmemtnwymeek**ekq*hqtnwwnwwh\\\\w\\\\\\!!h*b*gddbiqg@\u0917\u0926\u0915\u0917?\u0935\u0930fwgvdsvb\u0938\u0935\u0935\u0907fskviasvisug": "sitte hazime",
    "bue": "bue",
    "ffudmdjdjd": "ff",
    "g": "fffffggg",
    "fff": "f",
    "f": "fff"
}